length_bin	length_bp	tool	TP	FP	TN	FN	precision	recall	specificity	FPR	F1	MCC	AUPRC	n_predicted	n_total	note
L500	500	DeepVirFinder	350	2361	16505	920	0.1291	0.2756	0.8749	0.1251	0.1758	0.1071	0.1249	2711	20136	thr=0.5 (+ pvalue < 0.05)
L500	500	VirSorter	1	0	18866	1269	1.0	0.0008	1.0	0.0	0.0016	0.0272	0.0638	1	20136	thr=0.5
L500	500	VirSorter2	25	26	18840	1245	0.4902	0.0197	0.9986	0.0014	0.0379	0.0885	0.072	51	20136	thr=0.5
L500	500	VirFinder	241	2206	16660	1029	0.0985	0.1898	0.8831	0.1169	0.1297	0.0542	0.0792	2447	20136	thr=0.5 (+ pvalue < 0.05)
L500	500	PPR-Meta	486	3876	14990	784	0.1114	0.3827	0.7946	0.2054	0.1726	0.1046	0.144	4362	20136	thr=0.5
L500	500	VIBRANT	0	0	18866	1270	0	0	1.0	0.0	0	0	NA	0	20136	no_output
L500	500	Seeker	646	10197	8669	624	0.0596	0.5087	0.4595	0.5405	0.1067	-0.0155	0.0682	10843	20136	thr=0.5
L500	500	MetaPhinder	442	5055	13811	828	0.0804	0.348	0.7321	0.2679	0.1306	0.0437	0.0691	5497	20136	thr=0.5
L500	500	Sourmash	0	0	18866	1270	0.0	0.0	1.0	0.0	0.0	0.0	0.0653	0	20136	thr=0.5
L500	500	geNomad	278	34	18832	992	0.891	0.2189	0.9982	0.0018	0.3515	0.4273	0.2524	312	20136	thr=0.7
L500	500	HVSeeker	685	9619	9247	585	0.0665	0.5394	0.4901	0.5099	0.1184	0.0144	0.0649	10304	20136	thr=0.5
L500	500	Jaeger	0	0	18866	1270	0	0	1.0	0.0	0	0	NA	0	20136	no_output
L500	500	TransGINmer	785	6120	12746	485	0.1137	0.6181	0.6756	0.3244	0.192	0.1504	0.1706	6905	20136	thr=0.5
L500	500	ViraLM	955	4031	14835	315	0.1915	0.752	0.7863	0.2137	0.3053	0.3032	0.397	4986	20136	thr=0.5
L1000	1000	DeepVirFinder	219	1280	8139	411	0.1461	0.3476	0.8641	0.1359	0.2057	0.1441	0.1522	1499	10049	thr=0.5 (+ pvalue < 0.05)
L1000	1000	VirSorter	4	0	9419	626	1.0	0.0063	1.0	0.0	0.0126	0.0772	0.0686	4	10049	thr=0.5
L1000	1000	VirSorter2	105	164	9255	525	0.3903	0.1667	0.9826	0.0174	0.2336	0.2242	0.1401	269	10049	thr=0.5
L1000	1000	VirFinder	133	1073	8346	497	0.1103	0.2111	0.8861	0.1139	0.1449	0.0725	0.0912	1206	10049	thr=0.5 (+ pvalue < 0.05)
L1000	1000	PPR-Meta	247	1866	7553	383	0.1169	0.3921	0.8019	0.1981	0.1801	0.1154	0.1864	2113	10049	thr=0.5
L1000	1000	VIBRANT	7	2	9417	623	0.7778	0.0111	0.9998	0.0002	0.0219	0.0883	0.0706	9	10049	thr=0.5
L1000	1000	Seeker	319	5178	4241	311	0.058	0.5063	0.4503	0.5497	0.1041	-0.0211	0.0673	5497	10049	thr=0.5
L1000	1000	MetaPhinder	309	4161	5258	321	0.0691	0.4905	0.5582	0.4418	0.1212	0.0238	0.0658	4470	10049	thr=0.5
L1000	1000	Sourmash	0	0	9419	630	0.0	0.0	1.0	0.0	0.0	0.0	0.0657	0	10049	thr=0.5
L1000	1000	geNomad	258	23	9396	372	0.9181	0.4095	0.9976	0.0024	0.5664	0.5985	0.4234	281	10049	thr=0.7
L1000	1000	HVSeeker	342	4812	4607	288	0.0664	0.5429	0.4891	0.5109	0.1183	0.0155	0.0691	5154	10049	thr=0.5
L1000	1000	Jaeger	0	0	9419	630	0	0	1.0	0.0	0	0	NA	0	10049	no_output
L1000	1000	TransGINmer	440	2465	6954	190	0.1515	0.6984	0.7383	0.2617	0.2489	0.2335	0.2981	2905	10049	thr=0.5
L1000	1000	ViraLM	570	1354	8065	60	0.2963	0.9048	0.8562	0.1438	0.4464	0.4689	0.7181	1924	10049	thr=0.5
L1500	1500	DeepVirFinder	165	981	5287	256	0.144	0.3919	0.8435	0.1565	0.2106	0.1517	0.1666	1146	6689	thr=0.5 (+ pvalue < 0.05)
L1500	1500	VirSorter	21	0	6268	400	1.0	0.0499	1.0	0.0	0.095	0.2165	0.1097	21	6689	thr=0.5
L1500	1500	VirSorter2	134	266	6002	287	0.335	0.3183	0.9576	0.0424	0.3264	0.2825	0.1904	400	6689	thr=0.5
L1500	1500	VirFinder	80	522	5746	341	0.1329	0.19	0.9167	0.0833	0.1564	0.0906	0.0997	602	6689	thr=0.5 (+ pvalue < 0.05)
L1500	1500	PPR-Meta	178	1130	5138	243	0.1361	0.4228	0.8197	0.1803	0.2059	0.1485	0.2214	1308	6689	thr=0.5
L1500	1500	VIBRANT	23	14	6254	398	0.6216	0.0546	0.9978	0.0022	0.1004	0.1716	0.0935	37	6689	thr=0.5
L1500	1500	Seeker	215	3498	2770	206	0.0579	0.5107	0.4419	0.5581	0.104	-0.0232	0.0676	3713	6689	thr=0.5
L1500	1500	MetaPhinder	173	1989	4279	248	0.08	0.4109	0.6827	0.3173	0.134	0.0486	0.07	2162	6689	thr=0.5
L1500	1500	Sourmash	0	0	6268	421	0.0	0.0	1.0	0.0	0.0	0.0	0.0674	0	6689	thr=0.5
L1500	1500	geNomad	208	24	6244	213	0.8966	0.4941	0.9962	0.0038	0.6371	0.6507	0.4843	232	6689	thr=0.7
L1500	1500	HVSeeker	229	3239	3029	192	0.066	0.5439	0.4832	0.5168	0.1178	0.0132	0.0737	3468	6689	thr=0.5
L1500	1500	Jaeger	0	0	6268	421	0	0	1.0	0.0	0	0	NA	0	6689	no_output
L1500	1500	TransGINmer	311	1452	4816	110	0.1764	0.7387	0.7683	0.2317	0.2848	0.2795	0.3874	1763	6689	thr=0.5
L1500	1500	ViraLM	394	717	5551	27	0.3546	0.9359	0.8856	0.1144	0.5144	0.536	0.8109	1111	6689	thr=0.5
L3000	3000	DeepVirFinder	89	618	2505	116	0.1259	0.4341	0.8021	0.1979	0.1952	0.1389	0.1858	707	3328	thr=0.5 (+ pvalue < 0.05)
L3000	3000	VirSorter	30	7	3116	175	0.8108	0.1463	0.9978	0.0022	0.2479	0.3304	0.1737	37	3328	thr=0.5
L3000	3000	VirSorter2	125	141	2982	80	0.4699	0.6098	0.9549	0.0451	0.5308	0.5006	0.4413	266	3328	thr=0.5
L3000	3000	VirFinder	57	426	2697	148	0.118	0.278	0.8636	0.1364	0.1657	0.0967	0.1233	483	3328	thr=0.5 (+ pvalue < 0.05)
L3000	3000	PPR-Meta	82	405	2718	123	0.1684	0.4	0.8703	0.1297	0.237	0.1839	0.2585	487	3328	thr=0.5
L3000	3000	VIBRANT	47	29	3094	158	0.6184	0.2293	0.9907	0.0093	0.3345	0.3541	0.1893	76	3328	thr=0.5
L3000	3000	Seeker	101	1822	1301	104	0.0525	0.4927	0.4166	0.5834	0.0949	-0.0442	0.0681	1923	3328	thr=0.5
L3000	3000	MetaPhinder	78	938	2185	127	0.0768	0.3805	0.6996	0.3004	0.1278	0.0418	0.0674	1016	3328	thr=0.5
L3000	3000	Sourmash	0	0	3123	205	0.0	0.0	1.0	0.0	0.0	0.0	0.112	0	3328	thr=0.5
L3000	3000	geNomad	176	163	2960	29	0.5192	0.8585	0.9478	0.0522	0.6471	0.6409	0.7569	339	3328	thr=0.7
L3000	3000	HVSeeker	106	1674	1449	99	0.0596	0.5171	0.464	0.536	0.1068	-0.0091	0.0875	1780	3328	thr=0.5
L3000	3000	Jaeger	101	420	2703	104	0.1939	0.4927	0.8655	0.1345	0.2782	0.237	0.3874	521	3328	thr=0.5
L3000	3000	TransGINmer	170	567	2556	35	0.2307	0.8293	0.8184	0.1816	0.3609	0.375	0.5685	737	3328	thr=0.5
L3000	3000	ViraLM	195	265	2858	10	0.4239	0.9512	0.9151	0.0849	0.5865	0.6035	0.8517	460	3328	thr=0.5
L5000	5000	DeepVirFinder	51	423	1445	69	0.1076	0.425	0.7736	0.2264	0.1717	0.111	0.1859	474	1988	thr=0.5 (+ pvalue < 0.05)
L5000	5000	VirSorter	28	11	1857	92	0.7179	0.2333	0.9941	0.0059	0.3522	0.3906	0.2368	39	1988	thr=0.5
L5000	5000	VirSorter2	91	53	1815	29	0.6319	0.7583	0.9716	0.0284	0.6894	0.6707	0.5497	144	1988	thr=0.5
L5000	5000	VirFinder	36	188	1680	84	0.1607	0.3	0.8994	0.1006	0.2093	0.1502	0.1515	224	1988	thr=0.5 (+ pvalue < 0.05)
L5000	5000	PPR-Meta	49	196	1672	71	0.2	0.4083	0.8951	0.1049	0.2685	0.2198	0.2951	245	1988	thr=0.5
L5000	5000	VIBRANT	41	20	1848	79	0.6721	0.3417	0.9893	0.0107	0.453	0.457	0.2694	61	1988	thr=0.5
L5000	5000	Seeker	55	1130	738	65	0.0464	0.4583	0.3951	0.6049	0.0843	-0.0711	0.0747	1185	1988	thr=0.5
L5000	5000	MetaPhinder	37	338	1530	83	0.0987	0.3083	0.8191	0.1809	0.1495	0.0776	0.0722	375	1988	thr=0.5
L5000	5000	Sourmash	0	0	1868	120	0.0	0.0	1.0	0.0	0.0	0.0	0.17	0	1988	thr=0.5
L5000	5000	geNomad	111	71	1797	9	0.6099	0.925	0.962	0.038	0.7351	0.7325	0.7957	182	1988	thr=0.7
L5000	5000	HVSeeker	59	1038	830	61	0.0538	0.4917	0.4443	0.5557	0.097	-0.0307	0.1123	1097	1988	thr=0.5
L5000	5000	Jaeger	57	192	1676	63	0.2289	0.475	0.8972	0.1028	0.3089	0.2678	0.4169	249	1988	thr=0.5
L5000	5000	TransGINmer	101	290	1578	19	0.2583	0.8417	0.8448	0.1552	0.3953	0.4113	0.6409	391	1988	thr=0.5
L5000	5000	ViraLM	116	128	1740	4	0.4754	0.9667	0.9315	0.0685	0.6374	0.6519	0.9106	244	1988	thr=0.5
L10000	10000	DeepVirFinder	24	223	704	32	0.0972	0.4286	0.7594	0.2406	0.1584	0.1005	0.1632	247	983	thr=0.5 (+ pvalue < 0.05)
L10000	10000	VirSorter	22	14	913	34	0.6111	0.3929	0.9849	0.0151	0.4783	0.4661	0.3342	36	983	thr=0.5
L10000	10000	VirSorter2	45	19	908	11	0.7031	0.8036	0.9795	0.0205	0.75	0.7357	0.6098	64	983	thr=0.5
L10000	10000	VirFinder	16	61	866	40	0.2078	0.2857	0.9342	0.0658	0.2406	0.1897	0.1985	77	983	thr=0.5 (+ pvalue < 0.05)
L10000	10000	PPR-Meta	20	78	849	36	0.2041	0.3571	0.9159	0.0841	0.2597	0.2112	0.3	98	983	thr=0.5
L10000	10000	VIBRANT	22	6	921	34	0.7857	0.3929	0.9935	0.0065	0.5238	0.5384	0.3433	28	983	thr=0.5
L10000	10000	Seeker	20	568	359	36	0.034	0.3571	0.3873	0.6127	0.0621	-0.1208	0.0857	588	983	thr=0.5
L10000	10000	MetaPhinder	19	203	724	37	0.0856	0.3393	0.781	0.219	0.1367	0.0667	0.0667	222	983	thr=0.5
L10000	10000	Sourmash	0	0	927	56	0.0	0.0	1.0	0.0	0.0	0.0	0.158	0	983	thr=0.5
L10000	10000	geNomad	53	32	895	3	0.6235	0.9464	0.9655	0.0345	0.7518	0.752	0.8286	85	983	thr=0.7
L10000	10000	HVSeeker	27	537	390	29	0.0479	0.4821	0.4207	0.5793	0.0871	-0.0455	0.1258	564	983	thr=0.5
L10000	10000	Jaeger	25	77	850	31	0.2451	0.4464	0.9169	0.0831	0.3165	0.2762	0.4253	102	983	thr=0.5
L10000	10000	TransGINmer	47	95	832	9	0.331	0.8393	0.8975	0.1025	0.4747	0.4858	0.7185	142	983	thr=0.5
L10000	10000	ViraLM	55	44	883	1	0.5556	0.9821	0.9525	0.0475	0.7097	0.7199	0.9455	99	983	thr=0.5
